<?xml version="1.0" encoding="UTF-8"?>
<!DOCTYPE log4j:configuration PUBLIC "-//APACHE//DTD LOG4J 1.2//EN" "http://logging.apache.org/log4j/1.2/apidocs/org/apache/log4j/xml/doc-files/log4j.dtd">
<log4j:configuration debug="true" xmlns:log4j="http://jakarta.apache.org/log4j/">

	<!-- ================================================================== -->
	<!--                             APPENDERS                              -->
	<!-- ================================================================== -->

	<appender name="console" class="org.apache.log4j.ConsoleAppender">
		<param name="Target" value="System.out" />
		<layout class="org.apache.log4j.EnhancedPatternLayout">
			<param name="ConversionPattern" value="%6r | %d{ABSOLUTE} | %-5p | %c | %t | %x | %m%n" />
		</layout>
	</appender>
	
	<!-- ================================================================== -->
	<!--                              LOGGERS                               -->
	<!-- ================================================================== -->

	<!-- Project specific loggers -->
	<logger name="org.springframework">
		<level value="INFO"/>
	</logger>
	<logger name="org.apache">
		<level value="INFO"/>
	</logger>
	<logger name="org.apache.activemq">
		<level value="INFO"/>
	</logger>

	<root>
		<priority value="DEBUG" />
		<appender-ref ref="console" />
	</root>
</log4j:configuration>
